{
  "config": {
    "normalized_features": false,
    "positions_detected": {
      "x+00.0mm_y+00.0mm": [
        0.0,
        0.0
      ],
      "x-05.5mm_y+02.5mm": [
        -5.5,
        2.5
      ],
      "x+05.5mm_y+02.5mm": [
        5.5,
        2.5
      ],
      "x+05.5mm_y-02.5mm": [
        5.5,
        -2.5
      ],
      "x-05.5mm_y-02.5mm": [
        -5.5,
        -2.5
      ],
      "x-01.0mm_y+00.0mm": [
        -1.0,
        0.0
      ],
      "x-06.7mm_y+02.5mm": [
        -6.7,
        2.5
      ],
      "x+04.7mm_y+02.5mm": [
        4.7,
        2.5
      ],
      "x+04.7mm_y-02.5mm": [
        4.7,
        -2.5
      ],
      "x-06.7mm_y-02.5mm": [
        -6.7,
        -2.5
      ],
      "x-02.0mm_y+00.0mm": [
        -2.0,
        0.0
      ],
      "x-07.9mm_y+02.4mm": [
        -7.9,
        2.4000000000000004
      ],
      "x+03.9mm_y+02.4mm": [
        3.9000000000000004,
        2.4000000000000004
      ],
      "x+03.9mm_y-02.4mm": [
        3.9000000000000004,
        -2.4000000000000004
      ],
      "x-07.9mm_y-02.4mm": [
        -7.9,
        -2.4000000000000004
      ]
    }
  },
  "per_stretch": {
    "stretch_000pct": {
      "position_classifier": {
        "label": "stretch_000pct",
        "samples": 594,
        "accuracy": 0.9776536312849162,
        "report": "                   precision    recall  f1-score   support\n\nx+00.0mm_y+00.0mm       1.00      1.00      1.00        37\nx+05.5mm_y+02.5mm       1.00      0.89      0.94        37\nx+05.5mm_y-02.5mm       1.00      1.00      1.00        38\nx-05.5mm_y+02.5mm       0.90      1.00      0.95        37\nx-05.5mm_y-02.5mm       1.00      1.00      1.00        30\n\n         accuracy                           0.98       179\n        macro avg       0.98      0.98      0.98       179\n     weighted avg       0.98      0.98      0.98       179\n",
        "confusion_matrix": [
          [
            37,
            0,
            0,
            0,
            0
          ],
          [
            0,
            33,
            0,
            4,
            0
          ],
          [
            0,
            0,
            38,
            0,
            0
          ],
          [
            0,
            0,
            0,
            37,
            0
          ],
          [
            0,
            0,
            0,
            0,
            30
          ]
        ],
        "classes": [
          "x+00.0mm_y+00.0mm",
          "x+05.5mm_y+02.5mm",
          "x+05.5mm_y-02.5mm",
          "x-05.5mm_y+02.5mm",
          "x-05.5mm_y-02.5mm"
        ]
      },
      "force_regressor": {
        "rmse": 0.31943438605826363,
        "std_dev": 0.31778086531799904,
        "samples": 594
      }
    },
    "stretch_010pct": {
      "position_classifier": {
        "label": "stretch_010pct",
        "samples": 594,
        "accuracy": 0.9664804469273743,
        "report": "                   precision    recall  f1-score   support\n\nx+04.7mm_y+02.5mm       0.86      1.00      0.93        37\nx+04.7mm_y-02.5mm       1.00      0.89      0.94        37\nx-01.0mm_y+00.0mm       1.00      0.95      0.97        38\nx-06.7mm_y+02.5mm       1.00      1.00      1.00        37\nx-06.7mm_y-02.5mm       1.00      1.00      1.00        30\n\n         accuracy                           0.97       179\n        macro avg       0.97      0.97      0.97       179\n     weighted avg       0.97      0.97      0.97       179\n",
        "confusion_matrix": [
          [
            37,
            0,
            0,
            0,
            0
          ],
          [
            4,
            33,
            0,
            0,
            0
          ],
          [
            2,
            0,
            36,
            0,
            0
          ],
          [
            0,
            0,
            0,
            37,
            0
          ],
          [
            0,
            0,
            0,
            0,
            30
          ]
        ],
        "classes": [
          "x+04.7mm_y+02.5mm",
          "x+04.7mm_y-02.5mm",
          "x-01.0mm_y+00.0mm",
          "x-06.7mm_y+02.5mm",
          "x-06.7mm_y-02.5mm"
        ]
      },
      "force_regressor": {
        "rmse": 0.33278291398359405,
        "std_dev": 0.33103929025753986,
        "samples": 594
      }
    },
    "stretch_020pct": {
      "position_classifier": {
        "label": "stretch_020pct",
        "samples": 594,
        "accuracy": 0.9664804469273743,
        "report": "                   precision    recall  f1-score   support\n\nx+03.9mm_y+02.4mm       0.86      1.00      0.93        37\nx+03.9mm_y-02.4mm       1.00      0.89      0.94        37\nx-02.0mm_y+00.0mm       1.00      0.95      0.97        38\nx-07.9mm_y+02.4mm       1.00      1.00      1.00        37\nx-07.9mm_y-02.4mm       1.00      1.00      1.00        30\n\n         accuracy                           0.97       179\n        macro avg       0.97      0.97      0.97       179\n     weighted avg       0.97      0.97      0.97       179\n",
        "confusion_matrix": [
          [
            37,
            0,
            0,
            0,
            0
          ],
          [
            4,
            33,
            0,
            0,
            0
          ],
          [
            2,
            0,
            36,
            0,
            0
          ],
          [
            0,
            0,
            0,
            37,
            0
          ],
          [
            0,
            0,
            0,
            0,
            30
          ]
        ],
        "classes": [
          "x+03.9mm_y+02.4mm",
          "x+03.9mm_y-02.4mm",
          "x-02.0mm_y+00.0mm",
          "x-07.9mm_y+02.4mm",
          "x-07.9mm_y-02.4mm"
        ]
      },
      "force_regressor": {
        "rmse": 0.3211936590752127,
        "std_dev": 0.3196334395369371,
        "samples": 594
      }
    }
  },
  "pooled": {
    "stretch_classifier": {
      "label": "stretch_classifier",
      "samples": 1782,
      "accuracy": 1.0,
      "report": "                precision    recall  f1-score   support\n\nstretch_000pct       1.00      1.00      1.00       178\nstretch_010pct       1.00      1.00      1.00       178\nstretch_020pct       1.00      1.00      1.00       179\n\n      accuracy                           1.00       535\n     macro avg       1.00      1.00      1.00       535\n  weighted avg       1.00      1.00      1.00       535\n",
      "confusion_matrix": [
        [
          178,
          0,
          0
        ],
        [
          0,
          178,
          0
        ],
        [
          0,
          0,
          179
        ]
      ],
      "classes": [
        "stretch_000pct",
        "stretch_010pct",
        "stretch_020pct"
      ]
    },
    "position_classifier": {
      "label": "pooled_position_classifier",
      "samples": 1782,
      "accuracy": 0.9738317757009346,