{
  "config": {
    "normalized_features": false,
    "positions_detected": {
      "x+00.0mm_y+00.0mm": [
        0.0,
        0.0
      ],
      "x-02.9mm_y+02.0mm": [
        -2.9000000000000004,
        2.0
      ],
      "x+02.9mm_y+02.0mm": [
        2.9000000000000004,
        2.0
      ],
      "x+02.9mm_y-02.0mm": [
        2.9000000000000004,
        -2.0
      ],
      "x-02.9mm_y-02.0mm": [
        -2.9000000000000004,
        -2.0
      ],
      "x-01.5mm_y+00.0mm": [
        -1.5,
        0.0
      ],
      "x-04.7mm_y+01.9mm": [
        -4.7,
        1.9000000000000001
      ],
      "x+01.7mm_y+01.9mm": [
        1.7000000000000002,
        1.9000000000000001
      ],
      "x+01.7mm_y-01.9mm": [
        1.7000000000000002,
        -1.9000000000000001
      ],
      "x-04.7mm_y-01.9mm": [
        -4.7,
        -1.9000000000000001
      ],
      "x-03.0mm_y+00.0mm": [
        -3.0,
        0.0
      ],
      "x-06.5mm_y+01.9mm": [
        -6.5,
        1.9000000000000001
      ],
      "x+00.5mm_y+01.9mm": [
        0.5,
        1.9000000000000001
      ],
      "x+00.5mm_y-01.9mm": [
        0.5,
        -1.9000000000000001
      ],
      "x-06.5mm_y-01.9mm": [
        -6.5,
        -1.9000000000000001
      ]
    }
  },
  "per_stretch": {
    "stretch_000pct": {
      "position_classifier": {
        "label": "stretch_000pct",
        "samples": 594,
        "accuracy": 1.0,
        "report": "                   precision    recall  f1-score   support\n\nx+00.0mm_y+00.0mm       1.00      1.00      1.00        40\nx+02.9mm_y+02.0mm       1.00      1.00      1.00        33\nx+02.9mm_y-02.0mm       1.00      1.00      1.00        33\nx-02.9mm_y+02.0mm       1.00      1.00      1.00        40\nx-02.9mm_y-02.0mm       1.00      1.00      1.00        33\n\n         accuracy                           1.00       179\n        macro avg       1.00      1.00      1.00       179\n     weighted avg       1.00      1.00      1.00       179\n",
        "confusion_matrix": [
          [
            40,
            0,
            0,
            0,
            0
          ],
          [
            0,
            33,
            0,
            0,
            0
          ],
          [
            0,
            0,
            33,
            0,
            0
          ],
          [
            0,
            0,
            0,
            40,
            0
          ],
          [
            0,
            0,
            0,
            0,
            33
          ]
        ],
        "classes": [
          "x+00.0mm_y+00.0mm",
          "x+02.9mm_y+02.0mm",
          "x+02.9mm_y-02.0mm",
          "x-02.9mm_y+02.0mm",
          "x-02.9mm_y-02.0mm"
        ]
      },
      "force_regressor": {
        "rmse": 0.01541056693263974,
        "std_dev": 0.01540698159568767,
        "samples": 594
      }
    },
    "stretch_010pct": {
      "position_classifier": {
        "label": "stretch_010pct",
        "samples": 594,
        "accuracy": 1.0,
        "report": "                   precision    recall  f1-score   support\n\nx+01.7mm_y+01.9mm       1.00      1.00      1.00        33\nx+01.7mm_y-01.9mm       1.00      1.00      1.00        33\nx-01.5mm_y+00.0mm       1.00      1.00      1.00        40\nx-04.7mm_y+01.9mm       1.00      1.00      1.00        40\nx-04.7mm_y-01.9mm       1.00      1.00      1.00        33\n\n         accuracy                           1.00       179\n        macro avg       1.00      1.00      1.00       179\n     weighted avg       1.00      1.00      1.00       179\n",
        "confusion_matrix": [
          [
            33,
            0,
            0,
            0,
            0
          ],
          [
            0,
            33,
            0,
            0,
            0
          ],
          [
            0,
            0,
            40,
            0,
            0
          ],
          [
            0,
            0,
            0,
            40,
            0
          ],
          [
            0,
            0,
            0,
            0,
            33
          ]
        ],
        "classes": [
          "x+01.7mm_y+01.9mm",
          "x+01.7mm_y-01.9mm",
          "x-01.5mm_y+00.0mm",
          "x-04.7mm_y+01.9mm",
          "x-04.7mm_y-01.9mm"
        ]
      },
      "force_regressor": {
        "rmse": 0.016879884028962296,
        "std_dev": 0.016879719676912347,
        "samples": 594
      }
    },
    "stretch_020pct": {
      "position_classifier": {
        "label": "stretch_020pct",
        "samples": 594,
        "accuracy": 1.0,
        "report": "                   precision    recall  f1-score   support\n\nx+00.5mm_y+01.9mm       1.00      1.00      1.00        33\nx+00.5mm_y-01.9mm       1.00      1.00      1.00        33\nx-03.0mm_y+00.0mm       1.00      1.00      1.00        40\nx-06.5mm_y+01.9mm       1.00      1.00      1.00        40\nx-06.5mm_y-01.9mm       1.00      1.00      1.00        33\n\n         accuracy                           1.00       179\n        macro avg       1.00      1.00      1.00       179\n     weighted avg       1.00      1.00      1.00       179\n",
        "confusion_matrix": [
          [
            33,
            0,
            0,
            0,
            0
          ],
          [
            0,
            33,
            0,
            0,
            0
          ],
          [
            0,
            0,
            40,
            0,
            0
          ],
          [
            0,
            0,
            0,
            40,
            0
          ],
          [
            0,
            0,
            0,
            0,
            33
          ]
        ],
        "classes": [
          "x+00.5mm_y+01.9mm",
          "x+00.5mm_y-01.9mm",
          "x-03.0mm_y+00.0mm",
          "x-06.5mm_y+01.9mm",
          "x-06.5mm_y-01.9mm"
        ]
      },
      "force_regressor": {
        "rmse": 0.017299664886383615,
        "std_dev": 0.01727222820131507,
        "samples": 594
      }
    }
  },
  "pooled": {
    "stretch_classifier": {
      "label": "stretch_classifier",
      "samples": 1782,
      "accuracy": 1.0,
      "report": "                precision    recall  f1-score   support\n\nstretch_000pct       1.00      1.00      1.00       178\nstretch_010pct       1.00      1.00      1.00       178\nstretch_020pct       1.00      1.00      1.00       179\n\n      accuracy                           1.00       535\n     macro avg       1.00      1.00      1.00       535\n  weighted avg       1.00      1.00      1.00       535\n",
      "confusion_matrix": [
        [
          178,
          0,
          0
        ],
        [
          0,
          178,
          0
        ],
        [
          0,
          0,
          179
        ]
      ],
      "classes": [
        "stretch_000pct",
        "stretch_010pct",
        "stretch_020pct"
      ]
    },
    "position_classifier": {
      "label": "pooled_position_classifier",
      "samples": 1782,
      "accuracy": 0.9962616822429906,